hole,sector,pin,rubric_score
1,7,1,2.5
1,7,2,2.5
1,7,3,2.5
1,7,4,3
1,7,5,2.5
1,5,1,3
1,5,2,2
1,5,3,2
1,5,4,2.5
1,5,5,2.5
1,6,1,2
1,6,2,2.5
1,6,3,2.5
1,6,4,2
1,6,5,2
1,1,1,4
1,1,2,3
1,1,3,4
1,1,4,2.5
1,1,5,3
1,2,1,2
1,2,2,1.5
1,2,3,1.5
1,2,4,2
1,2,5,2
1,3l,1,5
1,3l,2,4
1,3l,3,5
1,3l,4,3.5
1,3l,5,4
1,3r,1,5
1,3r,2,4
1,3r,3,5
1,3r,4,3.5
1,3r,5,4
1,4l,1,3.5
1,4l,2,4
1,4l,3,3.5
1,4l,4,5
1,4l,5,5
1,4r,1,3.5
1,4r,2,5
1,4r,3,3.5
1,4r,4,5
1,4r,5,4
2,9o,1,2
2,9o,2,2
2,9o,3,2
2,9o,4,1.5
2,9o,5,1.5
2,7l,1,2.5
2,7l,2,2.5
2,7l,3,2
2,7l,4,3
2,7l,5,3
2,7r,1,2
2,7r,2,1.5
2,7r,3,2
2,7r,4,2
2,7r,5,2
2,1,1,3
2,1,2,2.5
2,1,3,2.5
2,1,4,3
2,1,5,4.5
2,2,1,2
2,2,2,2
2,2,3,1.5
2,2,4,2
2,2,5,2
2,3,1,2
2,3,2,2
2,3,3,1.5
2,3,4,2
2,3,5,2
2,4,1,1.5
2,4,2,2
2,4,3,1.5
2,4,4,2
2,4,5,2
2,5l,1,4
2,5l,2,3.5
2,5l,3,3
2,5l,4,5
2,5l,5,5
2,5r,1,5
2,5r,2,3
2,5r,3,3.5
2,5r,4,3.5
2,5r,5,4.5
2,6l,1,3.5
2,6l,2,4.5
2,6l,3,4
2,6l,4,3.5
2,6l,5,2
2,6r,1,3.5
2,6r,2,3
2,6r,3,5
2,6r,4,3
2,6r,5,2
3,6,1,2.5
3,6,2,2.0
3,6,3,2.0
3,6,4,2.0
3,6,5,2.5
3,6o,1,1.5
3,6o,2,1.0
3,6o,3,1.0
3,6o,4,1.0
3,6o,5,1.5
3,7l,1,2.5
3,7l,2,2.5
3,7l,3,2.0
3,7l,4,2.5
3,7l,5,2.0
3,7r,1,2.0
3,7r,2,2.5
3,7r,3,2.5
3,7r,4,2.0
3,7r,5,2.5
3,8l,1,2.0
3,8l,2,2.0
3,8l,3,1.5
3,8l,4,2.0
3,8l,5,1.5
3,8r,1,1.5
3,8r,2,2.0
3,8r,3,2.0
3,8r,4,1.5
3,8r,5,2.0
3,1,1,2.5
3,1,2,4.5
3,1,3,3.5
3,1,4,3.5
3,1,5,2.5
3,2,1,2.0
3,2,2,2.0
3,2,3,1.5
3,2,4,2.0
3,2,5,1.5
3,3,1,1.0
3,3,2,2.0
3,3,3,2.0
3,3,4,2.0
3,3,5,1.5
3,4l,1,3.5
3,4l,2,5.0
3,4l,3,4.0
3,4l,4,5.0
3,4l,5,3.0
3,4r,1,3.0
3,4r,2,5.0
3,4r,3,5.0
3,4r,4,4.0
3,4r,5,3.5
3,5l,1,5.0
3,5l,2,3.0
3,5l,3,4.0
3,5l,4,4.0
3,5l,5,4.5
3,5r,1,4.5
3,5r,2,3.0
3,5r,3,4.0
3,5r,4,4.0
3,5r,5,5.0
4,6ob,1,2
4,6ob,2,2
4,6ob,3,1.5
4,6ob,4,2
4,6ob,5,2
4,6l,1,2
4,6l,2,2
4,6l,3,1.5
4,6l,4,2
4,6l,5,2
4,6r,1,2
4,6r,2,2
4,6r,3,1.5
4,6r,4,2
4,6r,5,2
4,1,1,2.5
4,1,2,2.5
4,1,3,4.5
4,1,4,3
4,1,5,3
4,2,1,2
4,2,2,1.5
4,2,3,2
4,2,4,2
4,2,5,1.5
4,3,1,1.5
4,3,2,2
4,3,3,2
4,3,4,1.5
4,3,5,2
4,4l,1,4
4,4l,2,3
4,4l,3,5
4,4l,4,5
4,4l,5,3.5
4,4r,1,3
4,4r,2,4
4,4r,3,5
4,4r,4,3.5
4,4r,5,5
4,5l,1,5
4,5l,2,4.5
4,5l,3,2.5
4,5l,4,4
4,5l,5,3.5
4,5r,1,4
4,5r,2,5
4,5r,3,2.5
4,5r,4,3
4,5r,5,4
5,6,1,2.5
5,6,2,2.5
5,6,3,3
5,6,4,2.5
5,6,5,2.5
5,1,1,1
5,1,2,1
5,1,3,1
5,1,4,1
5,1,5,1
5,2,1,3.5
5,2,2,2
5,2,3,2.5
5,2,4,3
5,2,5,2.5
5,3,1,2
5,3,2,2
5,3,3,1.5
5,3,4,1.5
5,3,5,2
5,4l,1,5
5,4l,2,4
5,4l,3,3.5
5,4l,4,5
5,4l,5,5
5,4r,1,5
5,4r,2,4
5,4r,3,3.5
5,4r,4,4
5,4r,5,5
5,5l,1,3
5,5l,2,4
5,5l,3,5
5,5l,4,4
5,5l,5,2.5
5,5r,1,3
5,5r,2,5
5,5r,3,4.5
5,5r,4,4
5,5r,5,3
5,7,1,2
5,7,2,2
5,7,3,2
5,7,4,2
5,7,5,2
6,8r,1,3
6,8r,2,2.5
6,8r,3,2.5
6,8r,4,3
6,8r,5,3
6,9o,1,2.5
6,9o,2,1.5
6,9o,3,2
6,9o,4,2
6,9o,5,2.5
6,7l,1,2
6,7l,2,1.5
6,7l,3,2.5
6,7l,4,2.5
6,7l,5,2.5
6,1,1,3
6,1,2,4.5
6,1,3,3
6,1,4,3
6,1,5,2.5
6,7r,1,2.5
6,7r,2,3.5
6,7r,3,3
6,7r,4,3
6,7r,5,2.5
6,9r,1,2.5
6,9r,2,2
6,9r,3,2
6,9r,4,1.5
6,9r,5,1.5
6,8l,1,2.5
6,8l,2,2.5
6,8l,3,3
6,8l,4,3
6,8l,5,3
6,2,1,1.5
6,2,2,1.5
6,2,3,2
6,2,4,1.5
6,2,5,2
6,3,1,1.5
6,3,2,2
6,3,3,1.5
6,3,4,1.5
6,3,5,1.5
6,4l,1,3
6,4l,2,5
6,4l,3,5
6,4l,4,3.5
6,4l,5,4
6,4r,1,4
6,4r,2,5
6,4r,3,3.5
6,4r,4,5
6,4r,5,3
6,5l,1,4
6,5l,2,3
6,5l,3,4
6,5l,4,4
6,5l,5,5
6,5r,1,5
6,5r,2,2.5
6,5r,3,3.5
6,5r,4,4
6,5r,5,4
7,9o,1,1.5
7,9o,2,1.5
7,9o,3,1.5
7,9o,4,1
7,9o,5,1
7,9l,1,2
7,9l,2,2.5
7,9l,3,1.5
7,9l,4,2
7,9l,5,2.5
7,9r,1,2
7,9r,2,2.5
7,9r,3,2.5
7,9r,4,2
7,9r,5,2.5
7,7l,1,3
7,7l,2,3
7,7l,3,3
7,7l,4,3.5
7,7l,5,3.5
7,7r,1,2.5
7,7r,2,3
7,7r,3,3
7,7r,4,3
7,7r,5,3.5
7,1,1,2.5
7,1,2,2
7,1,3,2
7,1,4,3.5
7,1,5,2.5
7,2,1,1.5
7,2,2,1.5
7,2,3,1.5
7,2,4,2
7,2,5,2
7,2b,1,1.5
7,2b,2,1.5
7,2b,3,1.5
7,2b,4,2
7,2b,5,2
7,3,1,1.5
7,3,2,1.5
7,3,3,2
7,3,4,2
7,3,5,1.5
7,4l,1,4
7,4l,2,3.5
7,4l,3,3.5
7,4l,4,5
7,4l,5,5
7,4r,1,4.5
7,4r,2,3
7,4r,3,4
7,4r,4,4
7,4r,5,4.5
7,5l,1,3
7,5l,2,5
7,5l,3,4.5
7,5l,4,2.5
7,5l,5,3.5
7,5r,1,3
7,5r,2,4.5
7,5r,3,5
7,5r,4,2.5
7,5r,5,3.5
8,7ob,1,1
8,7ob,2,1
8,7ob,3,1
8,7ob,4,1
8,7ob,5,1
8,6,1,3.5
8,6,2,2.5
8,6,3,1.5
8,6,4,2.5
8,6,5,3.5
8,7l,1,1.5
8,7l,2,1.5
8,7l,3,2
8,7l,4,2
8,7l,5,1.5
8,7r,1,1.5
8,7r,2,2
8,7r,3,2
8,7r,4,1.5
8,7r,5,1.5
8,1,1,2.5
8,1,2,3
8,1,3,4.5
8,1,4,3
8,1,5,2.5
8,2,1,1
8,2,2,1
8,2,3,1
8,2,4,1
8,2,5,1
8,3,1,1
8,3,2,1
8,3,3,1
8,3,4,1
8,3,5,1
8,4l,1,3.5
8,4l,2,4
8,4l,3,5
8,4l,4,5
8,4l,5,3
8,4r,1,3
8,4r,2,5
8,4r,3,5
8,4r,4,4
8,4r,5,3.5
8,5l,1,5
8,5l,2,4
8,5l,3,3
8,5l,4,4
8,5l,5,4.5
8,5r,1,4.5
8,5r,2,4
8,5r,3,3
8,5r,4,4
8,5r,5,5
9,7ob,1,1
9,7ob,2,1.5
9,7ob,3,1.5
9,7ob,4,1.5
9,7ob,5,1.5
9,8l,1,2.5
9,8l,2,1.5
9,8l,3,2
9,8l,4,2
9,8l,5,1.5
9,8r,1,1
9,8r,2,1
9,8r,3,1
9,8r,4,1.5
9,8r,5,1
9,6,1,2
9,6,2,2.5
9,6,3,2.5
9,6,4,2.5
9,6,5,2.5
9,7l,1,3.5
9,7l,2,2.5
9,7l,3,3
9,7l,4,3
9,7l,5,2.5
9,7r,1,2
9,7r,2,2
9,7r,3,2
9,7r,4,2.5
9,7r,5,2
9,1,1,4.5
9,1,2,2.5
9,1,3,3
9,1,4,2.5
9,1,5,3
9,3,1,1.5
9,3,2,1.5
9,3,3,1.5
9,3,4,2
9,3,5,1.5
9,4l,1,5
9,4l,2,3.5
9,4l,3,4
9,4l,4,3.5
9,4l,5,4
9,4r,1,5
9,4r,2,3.5
9,4r,3,4
9,4r,4,3.5
9,4r,5,5
9,5l,1,3
9,5l,2,4.5
9,5l,3,5
9,5l,4,5
9,5l,5,4
9,5r,1,3
9,5r,2,5
9,5r,3,4
9,5r,4,4.5
9,5r,5,4.5
10,9o,1,1
10,9o,2,1.5
10,9o,3,1
10,9o,4,1.5
10,9o,5,1
10,8,1,1.5
10,8,2,2
10,8,3,1.5
10,8,4,2
10,8,5,1.5
10,9l,1,1.5
10,9l,2,1
10,9l,3,1
10,9l,4,1.5
10,9l,5,1.5
10,9r,1,2
10,9r,2,2
10,9r,3,2
10,9r,4,1.5
10,9r,5,1.5
10,7,1,2.5
10,7,2,2
10,7,3,2
10,7,4,2.5
10,7,5,2.5
10,1,1,2.5
10,1,2,4
10,1,3,3
10,1,4,4
10,1,5,2.5
10,2,1,1.5
10,2,2,2
10,2,3,2
10,2,4,1.5
10,2,5,1.5
10,3,1,1.5
10,3,2,1.5
10,3,3,1.5
10,3,4,2
10,3,5,1.5
10,4l,1,3.5
10,4l,2,5
10,4l,3,5
10,4l,4,5
10,4l,5,4
10,4r,1,3.5
10,4r,2,5
10,4r,3,4
10,4r,4,5
10,4r,5,5
10,5l,1,4
10,5l,2,2
10,5l,3,3
10,5l,4,2
10,5l,5,3.5
10,5r,1,5
10,5r,2,2
10,5r,3,3
10,5r,4,2.5
10,5r,5,3.5
11,9o,1,1
11,9o,2,1
11,9o,3,1
11,9o,4,1
11,9o,5,1
11,8,1,3
11,8,2,3.5
11,8,3,2.5
11,8,4,3.5
11,8,5,3
11,7l,1,2.5
11,7l,2,2.5
11,7l,3,2.5
11,7l,4,3
11,7l,5,2.5
11,7r,1,2.5
11,7r,2,3
11,7r,3,2.5
11,7r,4,2.5
11,7r,5,3
11,9l,1,2
11,9l,2,2
11,9l,3,2
11,9l,4,2.5
11,9l,5,2
11,9r,1,2
11,9r,2,2.5
11,9r,3,2
11,9r,4,2
11,9r,5,2.5
11,1,1,3
11,1,2,2.5
11,1,3,4.5
11,1,4,2.5
11,1,5,3
11,2,1,1.5
11,2,2,2
11,2,3,2
11,2,4,1.5
11,2,5,1.5
11,3,1,1.5
11,3,2,2
11,3,3,2
11,3,4,1.5
11,3,5,1.5
11,4l,1,5
11,4l,2,3
11,4l,3,5
11,4l,4,3.5
11,4l,5,4
11,4r,1,4
11,4r,2,3.5
11,4r,3,5
11,4r,4,3
11,4r,5,5
11,5l,1,3.5
11,5l,2,4.5
11,5l,3,2
11,5l,4,5
11,5l,5,3.5
11,5r,1,3.5
11,5r,2,5
11,5r,3,2
11,5r,4,4.5
11,5r,5,3.5
12,6,1,2.0
12,6,2,2.0
12,6,3,2.5
12,6,4,2.0
12,6,5,2.5
12,8l,1,2.0
12,8l,2,2.5
12,8l,3,2.0
12,8l,4,2.0
12,8l,5,2.5
12,7r,1,2.5
12,7r,2,2.0
12,7r,3,2.5
12,7r,4,2.5
12,7r,5,2.0
12,7l,1,2.5
12,7l,2,3.5
12,7l,3,2.0
12,7l,4,2.5
12,7l,5,2.5
12,8r,1,2.5
12,8r,2,2.0
12,8r,3,1.5
12,8r,4,2.0
12,8r,5,1.5
12,1,1,4.0
12,1,2,3.0
12,1,3,2.5
12,1,4,3.0
12,1,5,2.5
12,2,1,1.5
12,2,2,2.0
12,2,3,1.5
12,2,4,1.5
12,2,5,2.0
12,3,1,1.5
12,3,2,2.0
12,3,3,1.5
12,3,4,1.5
12,3,5,2.0
12,4l,1,5.0
12,4l,2,5.0
12,4l,3,3.0
12,4l,4,4.0
12,4l,5,3.5
12,4r,1,5.0
12,4r,2,4.0
12,4r,3,3.5
12,4r,4,5.0
12,4r,5,3.0
12,5l,1,3.0
12,5l,2,4.5
12,5l,3,4.5
12,5l,4,4.0
12,5l,5,5.0
12,5r,1,3.5
12,5r,2,4.0
12,5r,3,5.0
12,5r,4,4.5
12,5r,5,4.5
13,9,1,1.0
13,9,2,1.0
13,9,3,1.0
13,9,4,1.0
13,9,5,1.0
13,6,1,3.0
13,6,2,1.5
13,6,3,2.5
13,6,4,3.0
13,6,5,2.5
13,6r,1,3.5
13,6r,2,2.5
13,6r,3,2.5
13,6r,4,3
13,6r,5,3
13,8,1,2.0
13,8,2,2.5
13,8,3,2.0
13,8,4,2.0
13,8,5,2.0
13,7l,1,2.5
13,7l,2,3.0
13,7l,3,3.0
13,7l,4,2.5
13,7l,5,2.0
13,7r,1,3
13,7r,2,3.5
13,7r,3,3
13,7r,4,2.5
13,7r,5,3.5
13,1,1,2.0
13,1,2,3.5
13,1,3,2.5
13,1,4,2.0
13,1,5,2.5
13,2,1,1.5
13,2,2,1.5
13,2,3,2.0
13,2,4,2.0
13,2,5,1.5
13,3,1,2.0
13,3,2,2.0
13,3,3,1.5
13,3,4,1.5
13,3,5,2.0
13,4l,1,3.0
13,4l,2,5.0
13,4l,3,5.0
13,4l,4,3.5
13,4l,5,3.5
13,4r,1,4.0
13,4r,2,5.0
13,4r,3,3.0
13,4r,4,3.0
13,4r,5,5.0
13,5l,1,4.0
13,5l,2,2.5
13,5l,3,4.0
13,5l,4,5.0
13,5l,5,3.5
13,5r,1,5.0
13,5r,2,3.0
13,5r,3,4.0
13,5r,4,4.0
13,5r,5,4.0
14,7o,1,2.5
14,7o,2,3.0
14,7o,3,2.0
14,7o,4,2.0
14,7o,5,3.0
14,8l,1,2.0
14,8l,2,1.5
14,8l,3,2.5
14,8l,4,2.0
14,8l,5,2.0
14,8r,1,2.5
14,8r,2,2.5
14,8r,3,2.0
14,8r,4,2.0
14,8r,5,2.0
14,7l,1,2.5
14,7l,2,2.0
14,7l,3,3.5
14,7l,4,3.0
14,7l,5,3.0
14,7r,1,3.5
14,7r,2,3.0
14,7r,3,2.5
14,7r,4,2.5
14,7r,5,3.0
14,1,1,3.0
14,1,2,2.5
14,1,3,3.0
14,1,4,4.5
14,1,5,2.5
14,2,1,1.5
14,2,2,1.5
14,2,3,2.0
14,2,4,2.0
14,2,5,1.5
14,3,1,1.5
14,3,2,1.5
14,3,3,2.0
14,3,4,1.5
14,3,5,2.0
14,4,1,2.0
14,4,2,2.0
14,4,3,1.5
14,4,4,2.0
14,4,5,1.5
14,5l,1,3.5
14,5l,2,3.0
14,5l,3,5.0
14,5l,4,5.0
14,5l,5,4.0
14,5r,1,5
14,5r,2,3.5
14,5r,3,4.0
14,5r,4,5.0
14,5r,5,3.0
14,6l,1,2.5
14,6l,2,3.5
14,6l,3,4.0
14,6l,4,2.5
14,6l,5,5.0
14,6r,1,4
14,6r,2,5.0
14,6r,3,3.5
14,6r,4,3.0
14,6r,5,4.0
15,8,1,1.0
15,8,2,1.0
15,8,3,1.5
15,8,4,1.0
15,8,5,1.0
15,5,1,1.5
15,5,2,1.0
15,5,3,2.5
15,5,4,2.0
15,5,5,2.5
15,3,1,1.5
15,3,2,1.5
15,3,3,2.5
15,3,4,1.5
15,3,5,2.5
15,2,1,2.5
15,2,2,3.0
15,2,3,2.0
15,2,4,2.0
15,2,5,2.5
15,4,1,2.0
15,4,2,2.0
15,4,3,2.5
15,4,4,2.5
15,4,5,2.0
15,1,1,2.5
15,1,2,2.5
15,1,3,2.0
15,1,4,2.0
15,1,5,2.0
15,6l,1,4.5
15,6l,2,4.5
15,6l,3,2.5
15,6l,4,3.0
15,6l,5,3.5
15,6r,1,4.0
15,6r,2,2.0
15,6r,3,4.0
15,6r,4,5.0
15,6r,5,2.5
15,7l,1,2.5
15,7l,2,2.0
15,7l,3,4.5
15,7l,4,3.5
15,7l,5,5.0
15,7r,1,2.5
15,7r,2,2.0
15,7r,3,5.0
15,7r,4,4.0
15,7r,5,4.0
16,8ob,1,2.5
16,8ob,2,1.0
16,8ob,3,2.5
16,8ob,4,1.0
16,8ob,5,2.5
16,8l,1,3.5
16,8l,2,2.0
16,8l,3,3.5
16,8l,4,2.0
16,8l,5,3.0
16,8r,1,3.0
16,8r,2,2.0
16,8r,3,3.5
16,8r,4,2.0
16,8r,5,3.5
16,7l,1,3.5
16,7l,2,2.5
16,7l,3,3.5
16,7l,4,2.0
16,7l,5,3.0
16,7r,1,3.0
16,7r,2,2.0
16,7r,3,3.5
16,7r,4,2.5
16,7r,5,3.5
16,9l,1,2.0
16,9l,2,2.0
16,9l,3,2.0
16,9l,4,1.5
16,9l,5,1.5
16,9r,1,1.5
16,9r,2,1.5
16,9r,3,2.0
16,9r,4,2.0
16,9r,5,2.0
16,1,1,2.5
16,1,2,4.5
16,1,3,2.5
16,1,4,4.5
16,1,5,2.5
16,2,1,2.0
16,2,2,2.0
16,2,3,1.5
16,2,4,1.5
16,2,5,1.5
16,3,1,1.5
16,3,2,1.5
16,3,3,1.5
16,3,4,2.0
16,3,5,2.0
16,4l,1,3.0
16,4l,2,5.0
16,4l,3,3.0
16,4l,4,5.0
16,4l,5,2.5
16,4r,1,2.5
16,4r,2,4.5
16,4r,3,3.0
16,4r,4,5.0
16,4r,5,3.0
16,5l,1,4.5
16,5l,2,2.0
16,5l,3,4.5
16,5l,4,2.0
16,5l,5,4.0
16,5r,1,4.0
16,5r,2,2.0
16,5r,3,4.5
16,5r,4,2.0
16,5r,5,4.5
16,6l,1,5.0
16,6l,2,1.5
16,6l,3,4.5
16,6l,4,1.5
16,6l,5,4.0
16,6r,1,4.0
16,6r,2,1.5
16,6r,3,4.5
16,6r,4,1.5
16,6r,5,5.0
17,9o,1,2.0
17,9o,2,1.5
17,9o,3,2.5
17,9o,4,2.0
17,9o,5,2.5
17,7l,1,2.0
17,7l,2,2.0
17,7l,3,1.5
17,7l,4,2.5
17,7l,5,2.0
17,7r,1,2.5
17,7r,2,2.0
17,7r,3,2.0
17,7r,4,2.0
17,7r,5,1.5
17,8l,1,2.0
17,8l,2,1.5
17,8l,3,2.0
17,8l,4,2.5
17,8l,5,2.5
17,8r,1,2.5
17,8r,2,1.5
17,8r,3,2.5
17,8r,4,2.0
17,8r,5,2.0
17,9l,1,1.5
17,9l,2,1.5
17,9l,3,1.5
17,9l,4,2.0
17,9l,5,2.0
17,9r,1,2.0
17,9r,2,2.0
17,9r,3,1.5
17,9r,4,1.5
17,9r,5,1.5
17,1,1,3.0
17,1,2,4.5
17,1,3,2.5
17,1,4,3.0
17,1,5,2.5
17,2,1,1.5
17,2,2,2.0
17,2,3,1.5
17,2,4,2.0
17,2,5,2.0
17,3,1,2.0
17,3,2,2.0
17,3,3,2.0
17,3,4,1.5
17,3,5,1.5
17,4l,1,4.0
17,4l,2,5.0
17,4l,3,3.0
17,4l,4,4.5
17,4l,5,3.5
17,4r,1,5
17,4r,2,5.0
17,4r,3,3.5
17,4r,4,4.0
17,4r,5,3.0
17,5l,1,3.5
17,5l,2,3.0
17,5l,3,4.0
17,5l,4,4.0
17,5l,5,5.0
17,5r,1,4.0
17,5r,2,3.0
17,5r,3,5.0
17,5r,4,4.0
17,5r,5,4.0
18,6,1,2.0
18,6,2,3.0
18,6,3,2.5
18,6,4,3.0
18,6,5,2.5
18,9,1,1.0
18,9,2,1.0
18,9,3,1.5
18,9,4,1.5
18,9,5,1.0
18,7l,1,2.5
18,7l,2,1.5
18,7l,3,2.0
18,7l,4,1.5
18,7l,5,2.0
18,7r,1,2.5
18,7r,2,2.5
18,7r,3,2.5
18,7r,4,2.0
18,7r,5,2.0
18,8l,1,2.0
18,8l,2,1.5
18,8l,3,1.5
18,8l,4,1.5
18,8l,5,2.0
18,8r,1,2.0
18,8r,2,2.0
18,8r,3,2.0
18,8r,4,1.5
18,8r,5,1.5
18,1,1,4.5
18,1,2,2.5
18,1,3,3.0
18,1,4,2.5
18,1,5,3.0
18,2,1,2.0
18,2,2,1.5
18,2,3,2.0
18,2,4,2.0
18,2,5,2.0
18,3,1,2.0
18,3,2,2.0
18,3,3,2.0
18,3,4,1.5
18,3,5,2.0
18,4l,1,5.0
18,4l,2,2.5
18,4l,3,4.5
18,4l,4,3.0
18,4l,5,5.0
18,4r,1,5.0
18,4r,2,3.0
18,4r,3,5.0
18,4r,4,2.5
18,4r,5,4.5
18,5l,1,3.0
18,5l,2,4.5
18,5l,3,3.5
18,5l,4,5.0
18,5l,5,3.5
18,5r,1,3.0
18,5r,2,5.0
18,5r,3,3.5
18,5r,4,4.5
18,5r,5,3.5
